INSERT INTO REGION VALUES (1,'київська') 
INSERT INTO REGION VALUES (2,'черкаська') 
INSERT INTO REGION VALUES (3,'полтавська')

INSERT INTO city VALUES (0,'kyiv',1)
INSERT INTO city VALUES (2,'cherkasy',2)
INSERT INTO city VALUES (3,'vasylkiv',1)

INSERT INTO USER VALUES (1,'petryk','password','2343',2)
INSERT INTO USER VALUES (2,'vasylko','pass','3453',2)
INSERT INTO USER VALUES (3,'yohoho','pass','3398',3)

INSERT INTO TYPE VALUES (1,'auto')
INSERT INTO TYPE VALUES (2,'moto')
INSERT INTO TYPE VALUES (3,'velo')

INSERT INTO MARK VALUES (1,'audi',1)
INSERT INTO MARK VALUES (2,'bmw',1)
INSERT INTO MARK VALUES (3,'ford',1)
INSERT INTO MARK VALUES (4,'vw',1)
INSERT INTO MARK VALUES (5,'jawa',2)
INSERT INTO MARK VALUES (6,'harley',2)
INSERT INTO MARK VALUES (7,'cz',2);

INSERT INTO MODEL VALUES (1,'a4',1)
INSERT INTO MODEL VALUES (2,'a6',1)
INSERT INTO MODEL VALUES (3,'a8',1)
INSERT INTO MODEL VALUES (4,'x5',2)
INSERT INTO MODEL VALUES (5,'x6',2)
INSERT INTO MODEL VALUES (6,'focus',3)
INSERT INTO MODEL VALUES (7,'mustang',3)
INSERT INTO MODEL VALUES (8,'fiesta',3);

INSERT INTO ADVERTISEMENT(id,description,price,model_id,user_id,year) VALUES (1,'good engine',13800,1,2,2004)
INSERT INTO ADVERTISEMENT(id,description,price,model_id,user_id,year) VALUES (2,'good engine',17800,2,3,2005)
INSERT INTO ADVERTISEMENT(id,description,price,model_id,user_id,year) VALUES (3,'good engine',27800,1,3,2006)
INSERT INTO ADVERTISEMENT(id,description,price,model_id,user_id,year) VALUES (4,'good engine',37800,3,1,2007)
INSERT INTO ADVERTISEMENT(id,description,price,model_id,user_id,year) VALUES (5,'good engine',67800,4,2,2008)
INSERT INTO ADVERTISEMENT(id,description,price,model_id,user_id,year) VALUES (6,'good engine',57800,5,1,2009)

INSERT INTO hibernate_sequence VALUES (4)
INSERT INTO hibernate_sequence VALUES (4)
INSERT INTO hibernate_sequence VALUES (4)
INSERT INTO hibernate_sequence VALUES (4)
INSERT INTO hibernate_sequence VALUES (4)
INSERT INTO hibernate_sequence VALUES (4)
INSERT INTO hibernate_sequence VALUES (4)
INSERT INTO HIBERNATE_SEQUENCE VALUES (4);

